{"cameraMode":{"drawMode":0,"name":"Shaded","section":"Shading Mode"},"sceneLighting":false,"audioPlay":false,"sceneViewState":{"showFog":true,"showMaterialUpdate":true,"showSkybox":true,"showFlares":true,"showImageEffects":true,"showParticleSystems":true},"in2DMode":false,"pivot":{"x":0.5954540371894836,"y":1.5335280895233155,"z":-2.1406891345977785},"rotation":{"x":0.005508871749043465,"y":0.9867886900901794,"z":-0.03435453027486801,"w":0.15823285281658173},"size":3.3903262615203859,"orthographic":false}