{"cameraMode":{"drawMode":0,"name":"Shaded","section":"Shading Mode"},"sceneLighting":false,"audioPlay":false,"sceneViewState":{"showFog":true,"showMaterialUpdate":true,"showSkybox":true,"showFlares":true,"showImageEffects":true,"showParticleSystems":true},"in2DMode":false,"pivot":{"x":5.239999771118164,"y":1.4600000381469727,"z":5.5},"rotation":{"x":-0.05305810645222664,"y":0.9256548285484314,"z":-0.1416042000055313,"w":-0.34683749079704287},"size":10.393692970275879,"orthographic":false}