{"cameraMode":{"drawMode":0,"name":"Shaded","section":"Shading Mode"},"sceneLighting":false,"audioPlay":false,"sceneViewState":{"showFog":true,"showMaterialUpdate":true,"showSkybox":true,"showFlares":true,"showImageEffects":true,"showParticleSystems":true},"in2DMode":false,"pivot":{"x":5.099999904632568,"y":1.7000000476837159,"z":-1.1920928955078126e-7},"rotation":{"x":-0.066554956138134,"y":0.9178735613822937,"z":-0.17443270981311799,"w":-0.350216805934906},"size":12.992117881774903,"orthographic":false}