{"cameraMode":{"drawMode":0,"name":"Shaded","section":"Shading Mode"},"sceneLighting":false,"audioPlay":false,"sceneViewState":{"showFog":true,"showMaterialUpdate":true,"showSkybox":true,"showFlares":true,"showImageEffects":true,"showParticleSystems":true},"in2DMode":false,"pivot":{"x":6.2769856452941898,"y":2.4082419872283937,"z":5.271031856536865},"rotation":{"x":-0.01176239363849163,"y":0.7016758918762207,"z":-0.011587024666368962,"w":-0.712304949760437},"size":4.144742965698242,"orthographic":false}