{"cameraMode":{"drawMode":0,"name":"Shaded","section":"Shading Mode"},"sceneLighting":false,"audioPlay":false,"sceneViewState":{"showFog":true,"showMaterialUpdate":true,"showSkybox":true,"showFlares":true,"showImageEffects":true,"showParticleSystems":true},"in2DMode":false,"pivot":{"x":4.999999523162842,"y":2.0399999618530275,"z":0.0700000524520874},"rotation":{"x":0.10401569306850434,"y":0.8038746118545532,"z":-0.14753630757331849,"w":0.5667446851730347},"size":17.003236770629884,"orthographic":false}