{"cameraMode":{"drawMode":0,"name":"Shaded","section":"Shading Mode"},"sceneLighting":false,"audioPlay":false,"sceneViewState":{"showFog":true,"showMaterialUpdate":true,"showSkybox":true,"showFlares":true,"showImageEffects":true,"showParticleSystems":true},"in2DMode":false,"pivot":{"x":5.284886837005615,"y":0.7979592084884644,"z":-0.49381446838378909},"rotation":{"x":-0.066554956138134,"y":0.9178735613822937,"z":-0.17443270981311799,"w":-0.350216805934906},"size":5.085641860961914,"orthographic":false}