{"cameraMode":{"drawMode":0,"name":"Shaded","section":"Shading Mode"},"sceneLighting":true,"audioPlay":false,"sceneViewState":{"showFog":true,"showMaterialUpdate":true,"showSkybox":true,"showFlares":true,"showImageEffects":true,"showParticleSystems":true},"in2DMode":false,"pivot":{"x":295.0389709472656,"y":130.38742065429688,"z":-257.9114990234375},"rotation":{"x":0.014976073056459427,"y":-0.005750655196607113,"z":-0.00008619967411505058,"w":-0.9998713731765747},"size":13.756967544555664,"orthographic":false}