{"cameraMode":{"drawMode":0,"name":"Shaded","section":"Shading Mode"},"sceneLighting":false,"audioPlay":false,"sceneViewState":{"showFog":true,"showMaterialUpdate":true,"showSkybox":true,"showFlares":true,"showImageEffects":true,"showParticleSystems":true},"in2DMode":false,"pivot":{"x":5.966778755187988,"y":7.462730407714844,"z":13.568778991699219},"rotation":{"x":0.0011292686685919762,"y":-0.9981789588928223,"z":0.056972648948431018,"w":0.019790036603808404},"size":2.893662214279175,"orthographic":false}