{"cameraMode":{"drawMode":0,"name":"Shaded","section":"Shading Mode"},"sceneLighting":false,"audioPlay":false,"sceneViewState":{"showFog":true,"showMaterialUpdate":true,"showSkybox":true,"showFlares":true,"showImageEffects":true,"showParticleSystems":true},"in2DMode":false,"pivot":{"x":0.6224775314331055,"y":2.019761562347412,"z":2.4014406204223635},"rotation":{"x":0.04243915528059006,"y":-0.4665333330631256,"z":0.022417418658733369,"w":0.883200466632843},"size":12.992117881774903,"orthographic":false}