{"cameraMode":{"drawMode":0,"name":"Shaded","section":"Shading Mode"},"sceneLighting":false,"audioPlay":false,"sceneViewState":{"showFog":true,"showMaterialUpdate":true,"showSkybox":true,"showFlares":true,"showImageEffects":true,"showParticleSystems":true},"in2DMode":false,"pivot":{"x":5.079999923706055,"y":1.2999999523162842,"z":5.5},"rotation":{"x":-0.05305810645222664,"y":0.9256548285484314,"z":-0.1416042000055313,"w":-0.34683749079704287},"size":9.771570205688477,"orthographic":false}