{"cameraMode":{"drawMode":0,"name":"Shaded","section":"Shading Mode"},"sceneLighting":false,"audioPlay":false,"sceneViewState":{"showFog":true,"showMaterialUpdate":true,"showSkybox":true,"showFlares":true,"showImageEffects":true,"showParticleSystems":true},"in2DMode":false,"pivot":{"x":0.0,"y":1.326472282409668,"z":-0.06090743839740753},"rotation":{"x":0.1755528450012207,"y":-0.22917169332504273,"z":0.042060405015945438,"w":0.9565001130104065},"size":3.3903262615203859,"orthographic":false}