{"cameraMode":{"drawMode":0,"name":"Shaded","section":"Shading Mode"},"sceneLighting":false,"audioPlay":false,"sceneViewState":{"showFog":true,"showMaterialUpdate":true,"showSkybox":true,"showFlares":true,"showImageEffects":true,"showParticleSystems":true},"in2DMode":false,"pivot":{"x":4.920000076293945,"y":1.3799999952316285,"z":5.579999923706055},"rotation":{"x":-0.05305810645222664,"y":0.9256548285484314,"z":-0.1416042000055313,"w":-0.34683749079704287},"size":10.211036682128907,"orthographic":false}