{"cameraMode":{"drawMode":0,"name":"Shaded","section":"Shading Mode"},"sceneLighting":false,"audioPlay":false,"sceneViewState":{"showFog":true,"showMaterialUpdate":true,"showSkybox":true,"showFlares":true,"showImageEffects":true,"showParticleSystems":true},"in2DMode":false,"pivot":{"x":4.7676849365234379,"y":0.38857507705688479,"z":-5.7751665115356449},"rotation":{"x":-0.04262639582157135,"y":0.9435936808586121,"z":-0.13422472774982453,"w":-0.29966264963150027},"size":10.223587036132813,"orthographic":false}