{"cameraMode":{"drawMode":0,"name":"Shaded","section":"Shading Mode"},"sceneLighting":false,"audioPlay":false,"sceneViewState":{"showFog":true,"showMaterialUpdate":true,"showSkybox":true,"showFlares":true,"showImageEffects":true,"showParticleSystems":true},"in2DMode":false,"pivot":{"x":5.147883415222168,"y":3.066164970397949,"z":3.8240232467651369},"rotation":{"x":0.0011343344813212753,"y":-0.9947394728660584,"z":0.10183021426200867,"w":0.011077596805989743},"size":10.393692970275879,"orthographic":false}