{"cameraMode":{"drawMode":0,"name":"Shaded","section":"Shading Mode"},"sceneLighting":false,"audioPlay":false,"sceneViewState":{"showFog":true,"showMaterialUpdate":true,"showSkybox":true,"showFlares":true,"showImageEffects":true,"showParticleSystems":true},"in2DMode":false,"pivot":{"x":5.199999809265137,"y":2.9000000953674318,"z":0.04999995231628418},"rotation":{"x":-0.066554956138134,"y":0.9178735613822937,"z":-0.17443270981311799,"w":-0.350216805934906},"size":14.814353942871094,"orthographic":false}