{"cameraMode":{"drawMode":0,"name":"Shaded","section":"Shading Mode"},"sceneLighting":false,"audioPlay":false,"sceneViewState":{"showFog":true,"showMaterialUpdate":true,"showSkybox":true,"showFlares":true,"showImageEffects":true,"showParticleSystems":true},"in2DMode":false,"pivot":{"x":5.643488883972168,"y":1.5106542110443116,"z":2.29400634765625},"rotation":{"x":-0.04796978086233139,"y":-0.025766288861632348,"z":0.0012389057083055378,"w":-0.9985156655311585},"size":8.927292823791504,"orthographic":false}