{"cameraMode":{"drawMode":0,"name":"Shaded","section":"Shading Mode"},"sceneLighting":false,"audioPlay":false,"sceneViewState":{"showFog":true,"showMaterialUpdate":true,"showSkybox":true,"showFlares":true,"showImageEffects":true,"showParticleSystems":true},"in2DMode":false,"pivot":{"x":3.8586313724517824,"y":5.799833297729492,"z":12.371308326721192},"rotation":{"x":0.011351567693054676,"y":0.9846526384353638,"z":-0.15941959619522096,"w":0.07011199742555618},"size":4.9564619064331059,"orthographic":false}