{"cameraMode":{"drawMode":0,"name":"Shaded","section":"Shading Mode"},"sceneLighting":false,"audioPlay":false,"sceneViewState":{"showFog":true,"showMaterialUpdate":true,"showSkybox":true,"showFlares":true,"showImageEffects":true,"showParticleSystems":true},"in2DMode":false,"pivot":{"x":5.699999809265137,"y":2.1000001430511476,"z":-2.384185791015625e-7},"rotation":{"x":0.10401569306850434,"y":0.8038746118545532,"z":-0.14753630757331849,"w":0.5667446851730347},"size":13.741642951965332,"orthographic":false}