{"cameraMode":{"drawMode":0,"name":"Shaded","section":"Shading Mode"},"sceneLighting":false,"audioPlay":false,"sceneViewState":{"showFog":true,"showMaterialUpdate":true,"showSkybox":true,"showFlares":true,"showImageEffects":true,"showParticleSystems":true},"in2DMode":false,"pivot":{"x":5.380034923553467,"y":2.7698826789855959,"z":0.9312572479248047},"rotation":{"x":-0.05392329767346382,"y":0.9459772706031799,"z":-0.2330126166343689,"w":-0.2189166396856308},"size":5.085641860961914,"orthographic":false}