{"cameraMode":{"drawMode":0,"name":"Shaded","section":"Shading Mode"},"sceneLighting":false,"audioPlay":false,"sceneViewState":{"showFog":true,"showMaterialUpdate":true,"showSkybox":true,"showFlares":true,"showImageEffects":true,"showParticleSystems":true},"in2DMode":false,"pivot":{"x":5.774282455444336,"y":1.7285476922988892,"z":1.1858664751052857},"rotation":{"x":0.0039448803290724758,"y":-0.9882060885429382,"z":0.15088319778442384,"w":0.02583388425409794},"size":14.494565963745118,"orthographic":false}